barcode	x	y	pixel_x	pixel_y
GTCCGATATGATTGCCGC	32	2	9005.5	291.5
ATGAGCCGGGTTCATCTT	31	2	8715.0	291.5
TGAGGCACTCTGTTGGGA	30	2	8424.5	291.5
ATGATTAGTCGCCATTCG	29	2	8134.0	291.5
ACTTGAGGGTAGATGTTT	28	2	7843.5	291.5
ATGGCCAATACTGTTATC	27	2	7553.0	291.5
CGCTACCCTGATTCGACC	26	2	7262.5	291.5
GCCCACTTTCGCCGTAGT	25	2	6972.0	291.5
AGCAACTTTGAGCAAGAT	24	2	6681.5	291.5
GCCAATTCGGAATTCCGG	23	2	6391.0	291.5
TCGCCCAAGGTAATACAT	22	2	6100.5	291.5
TCGCATTTCCTATTCGAG	21	2	5810.0	291.5
TTGCTAAATCTAACCGCC	20	2	5519.5	291.5
GGAATTAAATTCTGATGG	19	2	5229.0	291.5
CATTACATAGGTGCTAAG	18	2	4938.5	291.5
ATTGACTTGCGCTCGCAC	17	2	4648.0	291.5
ATAGTATCTCCCAAGTTC	16	2	4357.5	291.5
GTGCGCCTGTAATCCGCA	15	2	4067.0	291.5
GCGCCACTCTTTAGGTAG	14	2	3776.5	291.5
TATGCAAGTGATTGGCTT	13	2	3486.0	291.5
CCAAGCCACGTTTATACG	12	2	3195.5	291.5
ACCTGATTGCTGTATAAC	11	2	2905.0	291.5
CAGCGCATCTATCCTCTA	10	2	2614.5	291.5
TCCACGCGTAGGACTAGT	9	2	2324.0	291.5
CGACTAAGTATGTAGCGC	8	2	2033.5	291.5
CGTGCCAATAAGCTCGCG	7	2	1743.0	291.5
CGCACGGCTCTGATTAGA	6	2	1452.5	291.5
TTATGAAGGAATTATTGT	32	3	9005.5	583.0
CCTGCGTACAAGGCTACA	31	3	8715.0	583.0
GGCCAAGGATCCCTTAAT	30	3	8424.5	583.0
GTTCCTAAGTTTCAAAGT	29	3	8134.0	583.0
TCCGAATTACGCAACAGT	28	3	7843.5	583.0
GCGACGCGGCATAGTTTA	27	3	7553.0	583.0
TGAATTGCGTGATGCACT	26	3	7262.5	583.0
CAACGGATGGGATAGAGC	25	3	6972.0	583.0
CAAGATTGCAATGTAAGA	24	3	6681.5	583.0
CCAATACCTAACACCGAG	23	3	6391.0	583.0
ATCAGACCATTGTGTATG	22	3	6100.5	583.0
GGATCATCTTATGCGGTA	21	3	5810.0	583.0
CTTGTGATCCCTTGTCGA	20	3	5519.5	583.0
ACATAGACGCCGTCTCGG	19	3	5229.0	583.0
ACATGTATGGCCGCGCCC	18	3	4938.5	583.0
GACCTAGATAGACCCGTC	17	3	4648.0	583.0
ATGTATATTTGCCAGGCA	16	3	4357.5	583.0
ACAAAGAGACGTTAATAG	15	3	4067.0	583.0
TATGGCCGGACGTGGACG	14	3	3776.5	583.0
GTTAACTACAACGGAATG	13	3	3486.0	583.0
ATAACCGCTCGACTGTGT	12	3	3195.5	583.0
CGTAGAAGGTAATCCGCT	11	3	2905.0	583.0
TCTGCTGTAGATGAAGGC	10	3	2614.5	583.0
CGCTATAGTGACGACGCG	9	3	2324.0	583.0
GTGTTACTTGAAGTGATG	8	3	2033.5	583.0
TAAGACAACTAACGTTAC	7	3	1743.0	583.0
ATTCGGTGAAGACGGACG	6	3	1452.5	583.0
GTGCCGTATACGTTCGAG	32	4	9005.5	874.5
GCTACTACTTAAATGTCA	31	4	8715.0	874.5
AGGTCTAACCGTTCGTAC	30	4	8424.5	874.5
ACGCGGAAGTATGTGGAG	29	4	8134.0	874.5
CAGCGGGTTGACAAAGGC	28	4	7843.5	874.5
TAATTAGTTAGCCCGCCG	27	4	7553.0	874.5
TGCTTATCGGGACCAGAA	26	4	7262.5	874.5
ACCCGTTTCGCCAGGCAT	25	4	6972.0	874.5
CCGACTAATTGACACCCT	24	4	6681.5	874.5
TTGAGGTAGCGGATGGGT	23	4	6391.0	874.5
ACGTGCGCAAATATGACG	22	4	6100.5	874.5
CGCAATGAATGGAACAGG	21	4	5810.0	874.5
GACGCATTCCCGTGAACT	20	4	5519.5	874.5
TCATAAACGCGTCATCCT	19	4	5229.0	874.5
CTAACCGCGAATGATGGT	18	4	4938.5	874.5
CTCCAGTCATGTAAAGCG	17	4	4648.0	874.5
GCCGTGCGGTGGGCCACT	16	4	4357.5	874.5
CTATTTGTGCACATGATT	15	4	4067.0	874.5
CATCCACGTGAATGCTAA	14	4	3776.5	874.5
CCATTGAAGTCAAGATAT	13	4	3486.0	874.5
GCGAGACAATCCGTAGAT	12	4	3195.5	874.5
ACTGTGTCGCAGGACTGA	11	4	2905.0	874.5
CAGTGCTCTTATGTCGTT	10	4	2614.5	874.5
CGCCAGCCCTGGTCCGAT	9	4	2324.0	874.5
GTTACATAACCGGGCGTG	8	4	2033.5	874.5
CCAGTGATCTACCGACCG	7	4	1743.0	874.5
CCCGAAGTTAGGCCCGGA	6	4	1452.5	874.5
GCGTCATAAGCGAACGCG	32	5	9005.5	1166.0
GGTAGGGATCAGGACTCC	31	5	8715.0	1166.0
TGATTGTTTAATGTCCGT	30	5	8424.5	1166.0
ATGAAGCGTACAGCTGAG	29	5	8134.0	1166.0
CCTGCCTTACCGCCGTTA	28	5	7843.5	1166.0
AGAACTGATTGCAAGGCG	27	5	7553.0	1166.0
CCAATGTACTTAGAACGC	26	5	7262.5	1166.0
CCGCATAGAGCTGAGTAA	25	5	6972.0	1166.0
GCGGCGCCCTCCACCGAG	24	5	6681.5	1166.0
ACTGAAAGAATTCTCGAT	23	5	6391.0	1166.0
TGAAAGGGTGTTATTCCT	22	5	6100.5	1166.0
GACCTCAGATCCCTGGAC	21	5	5810.0	1166.0
GGATTTAGCCGGCCCTCG	20	5	5519.5	1166.0
GCTATTCAATGCGCGAGG	19	5	5229.0	1166.0
ATTCATTGTAGGGACTGC	18	5	4938.5	1166.0
TTATCCGCGAATTTAGCT	17	5	4648.0	1166.0
TTCGGGCTACTGACGCAT	16	5	4357.5	1166.0
ATGAAGGACGTCCATCTG	15	5	4067.0	1166.0
CTCGAACGTCACTATGAC	14	5	3776.5	1166.0
CGATATTTCATCAACCTA	13	5	3486.0	1166.0
GGTGATCAAACCTGAAAT	12	5	3195.5	1166.0
CATTTACGAGACCCGAAA	11	5	2905.0	1166.0
CCTCGAACTCGAACGTTG	10	5	2614.5	1166.0
TAACGTTTAGGATGGGCG	9	5	2324.0	1166.0
CTAGCGGCGTTGAGCGTT	8	5	2033.5	1166.0
ACATTAACCTGATAACAT	7	5	1743.0	1166.0
CTGAACGCCGATCCTGGT	6	5	1452.5	1166.0
CAATTCTGTACGATCGGT	32	6	9005.5	1457.5
GGTCTCTTAGCCGCGCTA	31	6	8715.0	1457.5
TCTAAGCCTTCAGCGGTG	30	6	8424.5	1457.5
CAGGATACTACCGATTAT	29	6	8134.0	1457.5
TACAGCGAGGTTACTGAT	28	6	7843.5	1457.5
CTCTTTGGGTGAAAGCAG	27	6	7553.0	1457.5
ACAAGCCGCGCTGTTACG	26	6	7262.5	1457.5
TCATGCACGACGTTAGGG	25	6	6972.0	1457.5
TTGCGAACATGGTGCACA	24	6	6681.5	1457.5
CAACGGTAGACTCGATGT	23	6	6391.0	1457.5
CTACTGAGTAGCACGGAA	22	6	6100.5	1457.5
GATCGTGTGCCGCGTAAA	21	6	5810.0	1457.5
GGGTCACTTGCGTCGTTG	20	6	5519.5	1457.5
TCGCATGTTAACCCGACG	19	6	5229.0	1457.5
GTGCGAGGTGCGTCATCG	18	6	4938.5	1457.5
TGAGACAATTTAGGGATA	17	6	4648.0	1457.5
CGTTGAAGTATCGCTCGC	16	6	4357.5	1457.5
ACCAATCTCTAATCTCGT	15	6	4067.0	1457.5
GTAACTTGATGTATACCC	14	6	3776.5	1457.5
TTACGCCACCTCACATAG	13	6	3486.0	1457.5
ATCAAACGTGAGGCATAC	12	6	3195.5	1457.5
ACGGCTTAGCGACGCCTG	11	6	2905.0	1457.5
TAAGACCGGGCTAAGTTT	10	6	2614.5	1457.5
CATTGGTTCCGTACTCGA	9	6	2324.0	1457.5
ACCTATCGCCTCGGCACC	8	6	2033.5	1457.5
ATCTACGGACGATTATCG	7	6	1743.0	1457.5
AGAGCTTATCAGTACGCG	6	6	1452.5	1457.5
CGGCTTCCCAAGTAGTCG	5	6	1162.0	1457.5
CCGTGCGCGTAAGTCGAT	4	6	871.5	1457.5
ACAAGAATTGACAAGATC	3	6	581.0	1457.5
CAGACCGGGACACCGCTA	2	6	290.5	1457.5
TGGATTGCGAGTCCGCCT	32	7	9005.5	1749.0
GACGCCTTCTGTCGTTCT	31	7	8715.0	1749.0
CTGGTTGACACTTCTTCC	30	7	8424.5	1749.0
AGCACTCGCGTCCGGCCC	29	7	8134.0	1749.0
TTGAGGGAACACTGCGTT	28	7	7843.5	1749.0
GTATATACCGCCTCGAGA	27	7	7553.0	1749.0
ACCGCCCTATCTCGCTGA	26	7	7262.5	1749.0
TCCCACGCAGGTCCTCAT	25	7	6972.0	1749.0
AGAGCACCGCACGAGTAA	24	7	6681.5	1749.0
CGAGTACAAGGTACATAC	23	7	6391.0	1749.0
TCTAGCGTTAGAATGCGA	22	7	6100.5	1749.0
CTGCTGGTACGCCACATA	21	7	5810.0	1749.0
TCTGTATTAGGACCGAAC	20	7	5519.5	1749.0
CCTCGATAGCCCGACCTT	19	7	5229.0	1749.0
CCGGATACGTAGTCCTCA	18	7	4938.5	1749.0
GGACTTGAATTCGCAGAT	17	7	4648.0	1749.0
CATACAGGTGCAATTATT	16	7	4357.5	1749.0
ACACTACGTCCTGTCGAA	15	7	4067.0	1749.0
ATGAGGTGGGCGCCCAAT	14	7	3776.5	1749.0
TAGTCGTTAGCTGGTGGA	13	7	3486.0	1749.0
TTGGACCACTCTAGTATA	12	7	3195.5	1749.0
ATTAAGTTTAATGTTGCA	11	7	2905.0	1749.0
TGTGTAACCGGTCGTTAA	10	7	2614.5	1749.0
CCAGACATAATATGCGGT	9	7	2324.0	1749.0
ACCGATCCGTAGTTCCAA	8	7	2033.5	1749.0
GCGTTAGAAGTAACAGGG	7	7	1743.0	1749.0
CAGAATTCACCTCCAGTA	6	7	1452.5	1749.0
GGATTGATCCCGCTGAGT	5	7	1162.0	1749.0
TCGCGTGAGAGGTTCACA	4	7	871.5	1749.0
ATCCGATTTACAGTGCCA	3	7	581.0	1749.0
GGCCATACTAATGTGTGG	2	7	290.5	1749.0
TATAAGATCTGTGCCGGA	32	8	9005.5	2040.5
CCCAAGTTTACGCTGAAT	31	8	8715.0	2040.5
TTAGAAGACCGCTGTCTG	30	8	8424.5	2040.5
TAATGTACGCGCTTCGAC	29	8	8134.0	2040.5
CCTATGTCATCTGACGGA	28	8	7843.5	2040.5
TGGCGAACAGTTATCGGC	27	8	7553.0	2040.5
ACTTATTAACTCCGCTCC	26	8	7262.5	2040.5
TAGGAAAGACAGCATGCG	25	8	6972.0	2040.5
GTATTTATTCAGACACGC	24	8	6681.5	2040.5
CCGTAACATCATTACACC	23	8	6391.0	2040.5
CTCAGTGTTCGGTATATT	22	8	6100.5	2040.5
GAGCCTCAAAGTGATGGG	21	8	5810.0	2040.5
TTCAGCCGGGATGCCTTC	20	8	5519.5	2040.5
CATGGTTGCGCGCCTAAG	19	8	5229.0	2040.5
GTACCAATTCAGGCCTAC	18	8	4938.5	2040.5
AGGTGTGCCGCGTCTCTA	17	8	4648.0	2040.5
TATGTCATGGGCCTATGT	16	8	4357.5	2040.5
CTATTTCGACCGGCCTGC	15	8	4067.0	2040.5
CCCGTTGTAGAACAGATA	14	8	3776.5	2040.5
TCGATATGGTGATGCCTA	13	8	3486.0	2040.5
CGTTACCAATTTAGGCGT	12	8	3195.5	2040.5
GTTCAAGCGATACGCGGT	11	8	2905.0	2040.5
ATAAATGTTCACACTACT	10	8	2614.5	2040.5
TGGGTTGATATCACTAGC	9	8	2324.0	2040.5
CCCAGACACAACCTACGC	8	8	2033.5	2040.5
GAGTAACGAGATTCTCCC	7	8	1743.0	2040.5
AGAAGGGACCGTCTACGA	6	8	1452.5	2040.5
CGTGTCCATAGAAGCTGT	5	8	1162.0	2040.5
TTGTTTAGCCAATGCGCT	4	8	871.5	2040.5
TAAGCTGGGTGATTAGAC	3	8	581.0	2040.5
ATAGCTCTGGACTGCCGG	2	8	290.5	2040.5
GTATTGGTGCAGCCTGCT	32	9	9005.5	2332.0
CCCTCTTTGGGCATAAGT	31	9	8715.0	2332.0
CAGCCGCCCGAACATAGC	30	9	8424.5	2332.0
ATTTACCAATCGAATGGA	29	9	8134.0	2332.0
ACGCGGGTCCTGAGGTCA	28	9	7843.5	2332.0
GTACCAAAGAACTTGCAA	27	9	7553.0	2332.0
ACAAAGAGATATAGCCCT	26	9	7262.5	2332.0
TATTTAGAAGCTATGACG	25	9	6972.0	2332.0
GCACCTCTCAACTGCAGT	24	9	6681.5	2332.0
GCCGCCTAAGTGATCTTG	23	9	6391.0	2332.0
GTACAGGTCTAAATCTAA	22	9	6100.5	2332.0
CCTAGGATAGTTCGACGC	21	9	5810.0	2332.0
CACCGTGCTAGAAGTCAA	20	9	5519.5	2332.0
CGCGTGGATAAGACATCT	19	9	5229.0	2332.0
TCGTATGTCTGGCGAATT	18	9	4938.5	2332.0
GCATGCCTGTACAATCGT	17	9	4648.0	2332.0
GGTACGAGCTAATTCGCA	16	9	4357.5	2332.0
TTGACCACACTATACTTC	15	9	4067.0	2332.0
CGCCGGCTAACTGTATGG	14	9	3776.5	2332.0
CCTTCTCGTTTACTTGGA	13	9	3486.0	2332.0
TACTGCGGTCTGTCGGGA	12	9	3195.5	2332.0
GGACCCGCGTCGGTTATC	11	9	2905.0	2332.0
CCGCTTCCAACTCTGTGG	10	9	2614.5	2332.0
TTGCTCGAATAAATAATT	9	9	2324.0	2332.0
CGTTGAGTTGGTCCTCCG	8	9	2033.5	2332.0
ATATTGCCACCCTACCAA	7	9	1743.0	2332.0
CGGATATACCCTGCCAAC	6	9	1452.5	2332.0
TATGTAGCGTCGAAGATC	5	9	1162.0	2332.0
GTCCGCGGCGCTCAGATG	4	9	871.5	2332.0
CCAGCGTCGTAGGTGACA	3	9	581.0	2332.0
AGGACCTCGATCGACCTT	2	9	290.5	2332.0
GTAAGGCATCTCTTGAAC	32	10	9005.5	2623.5
AGGCTAATTAGCACGCGA	31	10	8715.0	2623.5
TTGGAGTCAACATGTGCC	30	10	8424.5	2623.5
GACAGGCCATTTAACGTT	29	10	8134.0	2623.5
TCAGTTTGCGCGGACATC	28	10	7843.5	2623.5
GCCATAGCGTTGATTACA	27	10	7553.0	2623.5
TCTCCCTATAGACTCTGT	26	10	7262.5	2623.5
ACCCTCGTTGTCGATACG	25	10	6972.0	2623.5
CACTCACGAAGGGCGGAG	24	10	6681.5	2623.5
GCTTCCGATGAGTTGTGG	23	10	6391.0	2623.5
CTTGACGCGTGGACAAAC	22	10	6100.5	2623.5
AGTTTAACAACCGCGCCT	21	10	5810.0	2623.5
CTCCGTTGCCAGCCATCG	20	10	5519.5	2623.5
CTTTAATTAGAGGCATCG	19	10	5229.0	2623.5
CACGGGTAGTGAAATCTA	18	10	4938.5	2623.5
CTACGTTGTCGCCTGCCC	17	10	4648.0	2623.5
TGGTTAAGAATAACGTGC	16	10	4357.5	2623.5
ACGTCGTTATGTGTTACC	15	10	4067.0	2623.5
GTACGTGAAAGGGAGACT	14	10	3776.5	2623.5
AGCCACCGTTAGTGTTTG	13	10	3486.0	2623.5
CTAGCGGTTGCCAGAAAG	12	10	3195.5	2623.5
ATTAAGTAGCGCACGTTT	11	10	2905.0	2623.5
TTTCAACCCGAGGAAGTC	10	10	2614.5	2623.5
ATTCGGCGCGATCCAGAG	9	10	2324.0	2623.5
GCTTATCGATCTGCTCGG	8	10	2033.5	2623.5
CGTGTTGTATCTTTGGAG	7	10	1743.0	2623.5
GATCAACGGTGACAGCAA	6	10	1452.5	2623.5
CAACTGGTAGGCCGCAGA	5	10	1162.0	2623.5
AGTAGCACGCTGCCAATC	4	10	871.5	2623.5
AGATACCCAGCGCAAGAT	3	10	581.0	2623.5
CAGCGTTGGTGAAGCCGG	2	10	290.5	2623.5
GGGATGTGCTCAAGCTAA	32	11	9005.5	2915.0
GCGTGGTCGTCAGCTATG	31	11	8715.0	2915.0
TTGACCTACTCGTGTTAT	30	11	8424.5	2915.0
GATTTCAGGCACTACGCG	29	11	8134.0	2915.0
GGTTTAAATTTCAGACGA	28	11	7843.5	2915.0
CTGATGTCGGTTGTGTAA	27	11	7553.0	2915.0
TTATCGACTTTGCAACGT	26	11	7262.5	2915.0
CCGTTCGAGCGTTCGCTA	25	11	6972.0	2915.0
TTCCTTGTTACGGGTGAG	24	11	6681.5	2915.0
CGAGCACTCAATTCCGGG	23	11	6391.0	2915.0
CTCACGTGCAAGGTTTAG	22	11	6100.5	2915.0
ATAGGTTGTATGAGACGA	21	11	5810.0	2915.0
CTCTATGGTTCCCGAGAG	20	11	5519.5	2915.0
GACCTCGAGTAAGCCGCG	19	11	5229.0	2915.0
CATACTCGGATGCCGCGT	18	11	4938.5	2915.0
CCATAGTTAATGCGCTTC	17	11	4648.0	2915.0
GCAATAGCATACGCCTAA	16	11	4357.5	2915.0
ACGGCCTCGGATTATGAA	15	11	4067.0	2915.0
GCGAGGGATTTGCTACCT	14	11	3776.5	2915.0
TCCATCTCTGGGTGCGAC	13	11	3486.0	2915.0
TCGCGTATGACCGCTTTC	12	11	3195.5	2915.0
TATTGTCAGTGAGACCGC	11	11	2905.0	2915.0
TCTATCGACCGCCACTAC	10	11	2614.5	2915.0
ATATCGAAGTTTGGGTTT	9	11	2324.0	2915.0
CAAACAGCGTCTGGAACA	8	11	2033.5	2915.0
TGTACGATTAGTCCGACG	7	11	1743.0	2915.0
GTGAAGCTTTGCTGTCAA	6	11	1452.5	2915.0
ATAAATGAGCTCTTCACG	5	11	1162.0	2915.0
GTTCACTTGAGTCGAAAT	4	11	871.5	2915.0
GCCGTTATAGAAATACTC	3	11	581.0	2915.0
TAGGAGCCGCGTCATTTG	2	11	290.5	2915.0
AGATGCTGTGAGACCGCA	32	12	9005.5	3206.5
ACCTTTCACCTCGGTGCA	31	12	8715.0	3206.5
CCCGACTCGTGATAATTC	30	12	8424.5	3206.5
GTGTACCCAAGATAAGAT	29	12	8134.0	3206.5
CCCGGGTACTTTCGCGAA	28	12	7843.5	3206.5
GTGCTATTTAAGCCGATT	19	12	5229.0	3206.5
GATTGCCATGGTGCCACC	26	12	7262.5	3206.5
CTTTAAGACGCGGTTCAT	25	12	6972.0	3206.5
AGTCATAGGGAGCCGCCT	24	12	6681.5	3206.5
ACGTAAGGTGATGCGACG	23	12	6391.0	3206.5
CGTTAGGCGATATCTGTA	22	12	6100.5	3206.5
GTTAACGAATCAGATTGA	21	12	5810.0	3206.5
CGTCTATCCAACGTATAG	20	12	5519.5	3206.5
CACTATTCGGGAGTACGC	27	12	7553.0	3206.5
GTTAACTGGACAGAGCGT	18	12	4938.5	3206.5
GTCTGATTCCAGCGAGAC	17	12	4648.0	3206.5
ACCCGGCGTAACTAGATA	16	12	4357.5	3206.5
ATGTGTTGGGAATCCCAG	15	12	4067.0	3206.5
CATGGTACGATCGCGCCC	14	12	3776.5	3206.5
GTTGTGATGCGCCCAAAG	13	12	3486.0	3206.5
CATACGCTATCTCCGCCC	12	12	3195.5	3206.5
TAAGCGGACCGGTTCGAG	11	12	2905.0	3206.5
GGTGCCTATCACTTGCCC	10	12	2614.5	3206.5
ACCAGAGCCGTTGAGCAA	9	12	2324.0	3206.5
TAACTGCGTTACGCGATT	8	12	2033.5	3206.5
AGAACAAACTGTTAACAC	7	12	1743.0	3206.5
TATGTTGGCCAATGTGCA	6	12	1452.5	3206.5
TGCTTACCGGTGGATTAC	5	12	1162.0	3206.5
CTAGGCTTCATCATTGGA	4	12	871.5	3206.5
TGTATCGATACCGGACGC	3	12	581.0	3206.5
TGCCGGTAATTATTGAGG	2	12	290.5	3206.5
CCGCTGCTATATTTGTCT	32	13	9005.5	3498.0
TGGCCGCGAATCCTGCAC	31	13	8715.0	3498.0
TCAACTCACAACGATGAA	30	13	8424.5	3498.0
GCGAAATTCTTCCCGGTG	29	13	8134.0	3498.0
CCCATGGAACGCCATTTG	28	13	7843.5	3498.0
CTGTGAGTTTAATACGCC	27	13	7553.0	3498.0
TGGTCGCTAGTACGTACC	26	13	7262.5	3498.0
GACGACACTTGTATGTGG	25	13	6972.0	3498.0
ACCACTGTAATCTCCCAT	24	13	6681.5	3498.0
TGAACATAGGTGGTACCA	23	13	6391.0	3498.0
TAACGCGTGCTGAGTAGG	22	13	6100.5	3498.0
GAGGCGTACACTACAACC	21	13	5810.0	3498.0
TTTCTAACTCATAAGGAT	20	13	5519.5	3498.0
TGGAACTACCTAGAAGCA	19	13	5229.0	3498.0
TTCTTGTTCCGAAGAGAA	18	13	4938.5	3498.0
CTCAAACCGGAACTCTGT	17	13	4648.0	3498.0
TTCCGGCAATCACTCAGA	16	13	4357.5	3498.0
ATGGGCTGAATGTCACAC	15	13	4067.0	3498.0
CGAACTAGAATCGATAGC	14	13	3776.5	3498.0
CACCGCGCTTGACGGATT	13	13	3486.0	3498.0
ACTAGTGAATCGCGACAA	12	13	3195.5	3498.0
GCGATTACCTATGATTTG	11	13	2905.0	3498.0
GAAACTGCATCCTCGACT	10	13	2614.5	3498.0
ACCTGACAGCGGAAACTT	9	13	2324.0	3498.0
CCTAGGTCGCGCTCGAGG	8	13	2033.5	3498.0
AGCCGACATGCTCTAAAC	7	13	1743.0	3498.0
AGACGGTGTTAAGGCTAC	6	13	1452.5	3498.0
TCTATCTAGACCTAGATG	5	13	1162.0	3498.0
GTTGCGCGTGAACCGAGT	4	13	871.5	3498.0
TCATAAGCGGGACACACT	3	13	581.0	3498.0
CAAGAGGAGCCGTACTTT	2	13	290.5	3498.0
GACAGTGTTTATTACTGA	32	14	9005.5	3789.5
TGGTATGCGGGCTACACC	31	14	8715.0	3789.5
TGACGCTCGTCTATAGAG	30	14	8424.5	3789.5
TGAGGGTAAGCTTCCTAG	29	14	8134.0	3789.5
CGCGCCCTCAGCTGTCTT	28	14	7843.5	3789.5
CGTTCCTTAGGTCCTGAC	27	14	7553.0	3789.5
CCTCACGCCGGACGAGTT	26	14	7262.5	3789.5
TCGGCGCGTTATGTCTAA	25	14	6972.0	3789.5
ATAGCCATATCGACGCGG	24	14	6681.5	3789.5
CGACCGAGGCGCTACCTT	23	14	6391.0	3789.5
ATGCGTACCGCGATCTAT	22	14	6100.5	3789.5
TGCCTGGTGTTAAGGCTC	21	14	5810.0	3789.5
TAGTCGCTATATCAGGAT	20	14	5519.5	3789.5
GCGGCACTTGGGATCGCC	19	14	5229.0	3789.5
CGGCGCCTGAATCATAAA	18	14	4938.5	3789.5
ACATGTGTCGTTTCAAGA	17	14	4648.0	3789.5
GTAACGCCTACTAGGAAG	16	14	4357.5	3789.5
TAACAGGGCCCGAGGTTC	15	14	4067.0	3789.5
TGAAACTCCTGTCTCGCG	14	14	3776.5	3789.5
CATCATCTTACAAGAAAG	13	14	3486.0	3789.5
TTATGGAGCTTAAGCCGC	12	14	3195.5	3789.5
CGCTAATTGCCCGATCCG	11	14	2905.0	3789.5
ATACCCATGCGGCTCACG	10	14	2614.5	3789.5
TCCGGAGCGAACACGATT	9	14	2324.0	3789.5
GTTCCTGTGGTATTATGA	8	14	2033.5	3789.5
ATGAACCGCGTTAGTACG	7	14	1743.0	3789.5
GTATGCTCGGTCAACAAT	6	14	1452.5	3789.5
ACAAACCTACTCCGCTGT	5	14	1162.0	3789.5
CGGTTACAAATTCTCTCA	4	14	871.5	3789.5
TAAAGTAATCGCCGTAGG	3	14	581.0	3789.5
GCTATACCGCCGTGTGTC	2	14	290.5	3789.5
TATTACGTGCGGCACTCG	32	15	9005.5	4081.0
GTTGTTGAAACATCTCTA	31	15	8715.0	4081.0
CTGCATAGCGATCGCGGG	30	15	8424.5	4081.0
CTCGCATCAATGACTCGT	29	15	8134.0	4081.0
ATTACTGGTTGTCAGCAG	28	15	7843.5	4081.0
AGTTCCCGCATAGTGCCG	27	15	7553.0	4081.0
ACACAGATCCTGTTCTGA	26	15	7262.5	4081.0
GAGCATCGTAATCTAGGT	25	15	6972.0	4081.0
CCATGTCGTAGGATGGCC	24	15	6681.5	4081.0
TAACAAAGACTGGCTCTA	23	15	6391.0	4081.0
GCCGAATTCTGCCATGTG	22	15	6100.5	4081.0
ACGGAAATCAGTGGTATT	21	15	5810.0	4081.0
TCACTCATACTTGGCCGG	20	15	5519.5	4081.0
ATCCGTAACATCTTATCA	19	15	5229.0	4081.0
CGGAGGGATGCAATGTCT	18	15	4938.5	4081.0
GCGAAAGTAGGTTCCGGA	17	15	4648.0	4081.0
TCCTAACGCTACTATCTG	16	15	4357.5	4081.0
GATACTTCGGGATGCGGG	15	15	4067.0	4081.0
CGCTTACATAGAAGATTA	14	15	3776.5	4081.0
CTCATCTACAAAGAGGTC	13	15	3486.0	4081.0
CGGAGCCAAGACTCGTCT	12	15	3195.5	4081.0
CGTCTCAAACATTCGGCC	11	15	2905.0	4081.0
CTCTATGTTTACGCAGGT	10	15	2614.5	4081.0
TTTATGCCACTCGGCTAG	9	15	2324.0	4081.0
AGCAACTGTGCGACCATC	8	15	2033.5	4081.0
GCCCGAGCGCGTGTAACA	7	15	1743.0	4081.0
CAGCATCTTTGGAGCGGT	6	15	1452.5	4081.0
ACCGATCCCATACTAGCG	5	15	1162.0	4081.0
GAAAGGTAGCCAACTCTT	4	15	871.5	4081.0
GGCGTAACGTAAATTGGG	3	15	581.0	4081.0
GCCGACCAGATTATGCCC	2	15	290.5	4081.0
TGGTTTAGTCAGACATCG	32	16	9005.5	4372.5
CTGGAAGCCACTGATAAC	31	16	8715.0	4372.5
CCCGCTAGTTGGTATGTA	30	16	8424.5	4372.5
CCGACATGTTGCACTGCT	29	16	8134.0	4372.5
TTATGAATGAACCCTACT	28	16	7843.5	4372.5
ATTAGCTCGTAGTTAGAA	27	16	7553.0	4372.5
TCGACCATTCCATACCGT	26	16	7262.5	4372.5
GGTCGTAACAGGCCGGTC	25	16	6972.0	4372.5
TAAACTCACATTGTCTAA	24	16	6681.5	4372.5
AGGACCGTATAGAGCCTA	23	16	6391.0	4372.5
GGTTTCTCGACTGTCGGC	22	16	6100.5	4372.5
CAATGCCTCGACCGAGCG	21	16	5810.0	4372.5
CTTGTCGTCTCCACCTCA	20	16	5519.5	4372.5
GTGCGGTTGTATCTTCAG	19	16	5229.0	4372.5
GACCAAGAGTAGCGAGGG	18	16	4938.5	4372.5
AGACTTGCGATATACTAT	17	16	4648.0	4372.5
ACAACTATGGGTTGGCGG	16	16	4357.5	4372.5
CTATTCATACTCGGGTAC	15	16	4067.0	4372.5
GTATACTGGGCGAACCAA	14	16	3776.5	4372.5
CTATGTCTATGACCGCGC	13	16	3486.0	4372.5
TATTTACCTGTTAAAGGC	12	16	3195.5	4372.5
GACTACGTAGGATGCCAG	11	16	2905.0	4372.5
CTGGAGCATCGACTTGAG	10	16	2614.5	4372.5
AGCCTGAACAGCGCTAGC	9	16	2324.0	4372.5
ACCGGAGTAAATTAGCGG	8	16	2033.5	4372.5
TAAGGCCGGTTTCCAAAT	7	16	1743.0	4372.5
AGTATACATCTAGCCGGT	6	16	1452.5	4372.5
GCATTAATAGATAGGATC	5	16	1162.0	4372.5
ATAGCTTCGTGGAAGGAA	4	16	871.5	4372.5
ATGGATGTGCCAAATCTT	3	16	581.0	4372.5
TAAGTCTCTGGGCGGAAT	2	16	290.5	4372.5
GAATGCTCCTTGCACATT	32	17	9005.5	4664.0
GACCAGCTCAGGAGAAGC	31	17	8715.0	4664.0
GAGAAATTAGCAAGACGT	30	17	8424.5	4664.0
CCATAAAGCAAGGAGCAC	29	17	8134.0	4664.0
CAACCTCGAACGGGAGTC	28	17	7843.5	4664.0
TGGGCCGTACTATACCAT	27	17	7553.0	4664.0
TGATGATAGCTAAGTACA	26	17	7262.5	4664.0
GGCTCCACAGGCATAATG	25	17	6972.0	4664.0
TACATTAACAGCCGTCCG	24	17	6681.5	4664.0
CTATCCGCGTCCAATGAG	23	17	6391.0	4664.0
GGATAGTACGTCAATGTG	22	17	6100.5	4664.0
CCTCAGGAAGGGTGTATC	21	17	5810.0	4664.0
TGAAGGCATCTAAATGTG	20	17	5519.5	4664.0
TTAGACGAGCTCGTAGTT	19	17	5229.0	4664.0
GTTATGTAATAACCCTCT	18	17	4938.5	4664.0
TCTAATAAACCGACCGTA	17	17	4648.0	4664.0
TTCACAACGCGTAGGCTC	16	17	4357.5	4664.0
GTTGCCAACCGGTAGTCC	15	17	4067.0	4664.0
GGCTGGATCCGAATATAG	14	17	3776.5	4664.0
TATGTGACAGAGCCCTAC	13	17	3486.0	4664.0
AGGTATGATTACTCGCCT	12	17	3195.5	4664.0
GAGCCGACGAATCTTCTA	11	17	2905.0	4664.0
CGCTCATTCGCAGACGTA	10	17	2614.5	4664.0
CTGAGCTATTGGGCGTCG	9	17	2324.0	4664.0
TATCCTCCAGTTATGTTG	8	17	2033.5	4664.0
TATCTTTACTCGGCGGCC	7	17	1743.0	4664.0
GGCCTGTCCACGATAAGG	6	17	1452.5	4664.0
CAATCGCTGCTCTGGAAT	5	17	1162.0	4664.0
CATTGGTGATTCAAGCTA	4	17	871.5	4664.0
ATTCATTTACAAGGCTGT	3	17	581.0	4664.0
ACATATTTAAGCTGCATG	2	17	290.5	4664.0
CGAACTATTATCCCGGGT	32	18	9005.5	4955.5
TCACGGTAGGACTTACGC	31	18	8715.0	4955.5
TTGCCCTATCCCATGTCT	30	18	8424.5	4955.5
TAGCTTGAGAACCGAAAG	29	18	8134.0	4955.5
CTACAATCGCGCGTGATC	28	18	7843.5	4955.5
CGCCGTCTCTAAATTGAC	27	18	7553.0	4955.5
CAAACTGGGTAGTCAATG	26	18	7262.5	4955.5
ATCCCAGGACTTAGTTCC	25	18	6972.0	4955.5
CTGAAGTGTTCCGTTTCC	24	18	6681.5	4955.5
ATACGTATCCATGGAAAT	23	18	6391.0	4955.5
GATGGCCAGATTCGTTAG	22	18	6100.5	4955.5
GTGATCGGTCCTGTATAG	21	18	5810.0	4955.5
GCGCGTGTATTACGACGA	20	18	5519.5	4955.5
CTGAGGGTTGTATAAGTC	19	18	5229.0	4955.5
TAAGAAACACCCGCTGAC	18	18	4938.5	4955.5
CCCTTTCAACCTCTCGAT	17	18	4648.0	4955.5
GGACTTACGACAACTATG	16	18	4357.5	4955.5
TCTGCACAAACAGTGACT	15	18	4067.0	4955.5
ACATTTAAGGCGCATGAT	14	18	3776.5	4955.5
TCTGATCCCGCCGGAAAG	13	18	3486.0	4955.5
GAATTATTCCGCAGGGCT	12	18	3195.5	4955.5
GCGCGATTAGTCCCTTAC	11	18	2905.0	4955.5
CCCGCGGAATGAAGCATC	10	18	2614.5	4955.5
ATCCCGTGATCGCACCAT	9	18	2324.0	4955.5
TCGTCAAGACCCGTCAGG	8	18	2033.5	4955.5
CTTACACTAGGCGTAAGG	7	18	1743.0	4955.5
GTCCAATTGCATATTCCC	6	18	1452.5	4955.5
GAGGGCGCGTCATTACGG	5	18	1162.0	4955.5
CAGCACCGTGTAGTTAAC	4	18	871.5	4955.5
TCTCTGGGATTACCCTTA	3	18	581.0	4955.5
GCAAACGTTAGAGCATAC	2	18	290.5	4955.5
ATGCGAGTCTGCGAGACT	32	19	9005.5	5247.0
TTCACAAGCCGTCTGCTC	31	19	8715.0	5247.0
AGATAAATCGATTGGTGT	30	19	8424.5	5247.0
GAGATGGAACGACATGGT	29	19	8134.0	5247.0
TTCGGCACGGTATGATGC	28	19	7843.5	5247.0
CTCCGCTCTTTCATGACG	27	19	7553.0	5247.0
ACTCGCTCGGTACCATTG	26	19	7262.5	5247.0
CGTCATAGTGCGACGCCG	25	19	6972.0	5247.0
TGAAAGGGAACCGAGCAG	24	19	6681.5	5247.0
CTGATGCATTAGATACGG	23	19	6391.0	5247.0
AGCTAGATGTTCCGAGCG	22	19	6100.5	5247.0
GACTCATTTGCAACAGGT	21	19	5810.0	5247.0
TTGACTTATCCAGGTAGC	20	19	5519.5	5247.0
TAAGCTTACGAGCCCGCC	19	19	5229.0	5247.0
TATCGAACTAAGGTCGCG	18	19	4938.5	5247.0
TACCTTTGTGTAATGGCG	17	19	4648.0	5247.0
ACGTAAGCGGACGCATGA	16	19	4357.5	5247.0
TGATTCTTGTCGCAGCAT	15	19	4067.0	5247.0
GTGCCCGCCGGACTTAAG	14	19	3776.5	5247.0
CTCAGTATGCATGAGCAG	13	19	3486.0	5247.0
TCCGAATTCAAATTAAGG	12	19	3195.5	5247.0
CAACATCGACCCTATTCC	11	19	2905.0	5247.0
AGGGACGTTAGTGTGCCA	10	19	2614.5	5247.0
ATGAATTTAGCGCCCGCT	9	19	2324.0	5247.0
GGCCTCACGCTGGATATT	8	19	2033.5	5247.0
GCGTTTCCAAGCACGCGG	7	19	1743.0	5247.0
TCTGCCAGGTGCCGGACG	6	19	1452.5	5247.0
GGGTTCTTAGCGGGAGTG	5	19	1162.0	5247.0
GGTAAATCTTATGATTCC	4	19	871.5	5247.0
AGCGGGACATGGCCACTC	3	19	581.0	5247.0
TATTCCAGCAAGTAACCT	2	19	290.5	5247.0
CCTGTAGGCTCGTTGCGA	32	20	9005.5	5538.5
CCGCTTATTCGACTTGTA	31	20	8715.0	5538.5
AGTTGAGGGCTACGCACG	30	20	8424.5	5538.5
TAAACTTATCGGCACTGA	29	20	8134.0	5538.5
TTGTTGGAAGACCGTCGG	28	20	7843.5	5538.5
CGACACGCTTAGTACCGA	27	20	7553.0	5538.5
GCCTATAACTGCGTGGAA	26	20	7262.5	5538.5
ATGTTCTGCGAATTCGGG	25	20	6972.0	5538.5
CCACTGTTACGGCATAGT	24	20	6681.5	5538.5
GAGAATTCGCAGCAAATC	23	20	6391.0	5538.5
TTAATTCCATGCCAGGGC	22	20	6100.5	5538.5
GTTGTCATGCCATATCGG	21	20	5810.0	5538.5
TTTATTTGCGATCAAGGA	20	20	5519.5	5538.5
ACTGCTGTACATTCGATC	19	20	5229.0	5538.5
TTCACCAATGCTGTAGTA	18	20	4938.5	5538.5
GCGAACATTCCTTTATGA	17	20	4648.0	5538.5
AGCGCCCTCCGAATGTTG	16	20	4357.5	5538.5
CCTCTGCAATAAACAAAG	15	20	4067.0	5538.5
GCGGACGTGTACCAGTAA	14	20	3776.5	5538.5
TACTTGCCAATCTCTGAG	13	20	3486.0	5538.5
GTCACGGATCGAGGGATA	12	20	3195.5	5538.5
CCACGTCAGCCCTGTGAG	11	20	2905.0	5538.5
TACGATGGGACAATCAAA	10	20	2614.5	5538.5
GGTTAGTTAGACCAACTA	9	20	2324.0	5538.5
CATTTATCTGGTTGGTAC	8	20	2033.5	5538.5
CTCATGATCGTTCAAACC	7	20	1743.0	5538.5
AGACATTAAACGTGGATG	6	20	1452.5	5538.5
TTACACGCCCGATCGATA	5	20	1162.0	5538.5
GGACTGACAATAAGAATG	4	20	871.5	5538.5
AGCATAAATACGTGAACT	3	20	581.0	5538.5
GCGGCATGAAGTAGGTAA	2	20	290.5	5538.5
GCCTTTCTGGATCGAAAC	32	21	9005.5	5830.0
GTTAGCGGGCCCATCGTA	31	21	8715.0	5830.0
AGACCAACAGTAGCGGAT	30	21	8424.5	5830.0
CCGTTTAAGATCCTCTAA	29	21	8134.0	5830.0
TGCTCACCTAGTGACTCA	28	21	7843.5	5830.0
TAACGCGGAGATCTATGC	27	21	7553.0	5830.0
TCACCTTGAGGCATTACG	26	21	7262.5	5830.0
TTCCAAATCTGCTCGTGA	25	21	6972.0	5830.0
ATAAGTGCGTGAGCTGGA	24	21	6681.5	5830.0
CGTCAGATTCTACTAAGT	23	21	6391.0	5830.0
GACACGTCGGTCCTCCTT	22	21	6100.5	5830.0
TTAGGTGATGTCAGACAC	21	21	5810.0	5830.0
GTCAAAGATTACTCCTGC	20	21	5519.5	5830.0
TGCTCCTGCGTACACAAT	19	21	5229.0	5830.0
CAGCACATGATGTTCTAG	18	21	4938.5	5830.0
GGATCGATGCATTTGGAG	17	21	4648.0	5830.0
CTTCCAACTCTCGCATAG	16	21	4357.5	5830.0
GCCGAAAGACTAGGTCTC	15	21	4067.0	5830.0
GAATATGAGTTGATACAG	14	21	3776.5	5830.0
ACATCACCTGCGCGCTCT	13	21	3486.0	5830.0
TGTCAAAGGCCTATCAGC	12	21	3195.5	5830.0
ATATGGGTGTAACAAGAA	11	21	2905.0	5830.0
CTTGAGATCTTCTTGCGG	10	21	2614.5	5830.0
ATGATCCTTCGCCTGTAC	9	21	2324.0	5830.0
AGGCCGCTGCACAAGTCT	8	21	2033.5	5830.0
TTCCGATTGTATAGCCGC	7	21	1743.0	5830.0
GTTCTCGCAAGGCGTGGG	6	21	1452.5	5830.0
CAAGCGCGCATTAGATGT	5	21	1162.0	5830.0
ACACAGCGTTGTGGAATC	4	21	871.5	5830.0
ACGCAACGTGCCAATCGT	3	21	581.0	5830.0
GATGGTATCGGTAACATA	2	21	290.5	5830.0
TCTTACGAATCCAGCCCG	32	22	9005.5	6121.5
GGTCTGTAATCCAGGAAC	31	22	8715.0	6121.5
AGGCCGCACACCTGTAGT	30	22	8424.5	6121.5
GACTGAATAATTCGGTGC	29	22	8134.0	6121.5
CGTCTCCTATATCATTGG	28	22	7843.5	6121.5
GACTTAGCTTGACATGGA	27	22	7553.0	6121.5
GTTACTACGCCCATAAGT	26	22	7262.5	6121.5
CTAGCGACGATAGATATT	25	22	6972.0	6121.5
GAGCCACGTATTGTCTTT	24	22	6681.5	6121.5
CATAGCACCGCATTACTC	23	22	6391.0	6121.5
CAACTTTGCGATATAATA	22	22	6100.5	6121.5
CTATCGCGGATGGTATCC	21	22	5810.0	6121.5
CGACCATGGCCTGTGAGG	20	22	5519.5	6121.5
TCACAGCGTCACTGCTAT	19	22	5229.0	6121.5
CAGAAGCGAGCCGAAGTC	18	22	4938.5	6121.5
CGGCCAAAGATACTTTAA	17	22	4648.0	6121.5
GAAGATTCGCCCGGTCCA	16	22	4357.5	6121.5
CGCGGGACACAGTCAACC	15	22	4067.0	6121.5
GACCGAGGCGACGCCAAT	14	22	3776.5	6121.5
ATAATAGGAGCGCGACGT	13	22	3486.0	6121.5
CCGCCAGTTAATCAGCAA	12	22	3195.5	6121.5
ATGAATGACGGAGGTACT	11	22	2905.0	6121.5
TGCCGGATTGACGGTTAT	10	22	2614.5	6121.5
TACCGCCGATTCCTGCAG	9	22	2324.0	6121.5
ATACAGTGGTGCATCCGC	8	22	2033.5	6121.5
CCCAGCAACCGTTGATCC	7	22	1743.0	6121.5
ATCTCACATCACTGAAGC	6	22	1452.5	6121.5
AGCGCCATTTAGGTCGAA	5	22	1162.0	6121.5
TGGATCCGTCTGTGATAA	4	22	871.5	6121.5
CGTAACACTCGCAGCCAT	3	22	581.0	6121.5
GTTAGAATCATCGGAACC	2	22	290.5	6121.5
TGCGCGTGTTCCGATATT	32	23	9005.5	6413.0
CATCCTGAGGAGCCTGAT	31	23	8715.0	6413.0
TTCTAGTCGCGCCAGTAT	30	23	8424.5	6413.0
CTAGGACGTCAAGATGAC	29	23	8134.0	6413.0
TCGCGATAGAAGGTTCCA	28	23	7843.5	6413.0
ACCCTGAAGCCCTTAACA	27	23	7553.0	6413.0
TCCTTGTAGCTCTGGTAC	26	23	7262.5	6413.0
CTTTCACTGTCAGATACG	25	23	6972.0	6413.0
CTATTTCAGCTACTTAGG	24	23	6681.5	6413.0
CATGCACCTCAGTGTATC	23	23	6391.0	6413.0
ATGAGGCCGCGACATTCG	22	23	6100.5	6413.0
CCGTCCGCGTCCATTGTA	21	23	5810.0	6413.0
CGTTATGGAGCCATCCCT	20	23	5519.5	6413.0
TATGTAACCGCAGGCCAA	19	23	5229.0	6413.0
CGTCCTAGCTAAGTCGCC	18	23	4938.5	6413.0
CTAACATTAGTCGCCGTT	17	23	4648.0	6413.0
TCTCAGGTGATAAGGATG	16	23	4357.5	6413.0
TCTCCGTACACGCGCCTT	15	23	4067.0	6413.0
TAACTTCGATCAGGCTTA	14	23	3776.5	6413.0
TGTTCCGATGGGAGAAGC	13	23	3486.0	6413.0
TCTTCCCAAGTGCTTATA	12	23	3195.5	6413.0
CTTGTCAGATTTATGCAG	11	23	2905.0	6413.0
ATTTGCAAGAAGCCGGGC	10	23	2614.5	6413.0
ACCGGGTAAGATGTAGGC	9	23	2324.0	6413.0
TGGTCCAATAAATTAAGC	8	23	2033.5	6413.0
CTATATGTTGTCCTGTGA	7	23	1743.0	6413.0
GCATTGATAGGAATCCTG	6	23	1452.5	6413.0
TTTACCTCTGCGAGTTGA	5	23	1162.0	6413.0
GAGACCCTCGAATGGGCA	4	23	871.5	6413.0
TCTGGGCCCTATATTCCA	3	23	581.0	6413.0
TTTACACTCCTTTGCCGT	2	23	290.5	6413.0
TCTTGAATCCTGCCTAAC	32	24	9005.5	6704.5
GAAGTTAGTTCTCGCGTT	31	24	8715.0	6704.5
CGGCCGTTAACTTCCGCG	30	24	8424.5	6704.5
CTGGGCGGCCATTAGCTA	29	24	8134.0	6704.5
GGTTAGCCAAGGAGTATT	28	24	7843.5	6704.5
GTGCCGATGCTTAGACGA	27	24	7553.0	6704.5
CTGAGGCCCAAACAATCA	26	24	7262.5	6704.5
GAGCCTTGAGTCTTGACT	25	24	6972.0	6704.5
TGCCAGGTCTGACGTATG	24	24	6681.5	6704.5
GTTACGGCCGAATCACGC	23	24	6391.0	6704.5
GGTAATAGTTGATGGGCT	22	24	6100.5	6704.5
GGTTTGTAAGTTAGCTCG	21	24	5810.0	6704.5
GTTGCCTCTTGTAAATTC	20	24	5519.5	6704.5
GTCAGCCAATATGCTCTT	19	24	5229.0	6704.5
GACTTCGTTCGTGCACGC	18	24	4938.5	6704.5
GAATCCTTTCCGCTAGGG	17	24	4648.0	6704.5
GGCTATCCTCTAGAGCAG	16	24	4357.5	6704.5
CATATAGCGCACATCGAA	15	24	4067.0	6704.5
AGGGACGTCGTTTGCCTG	14	24	3776.5	6704.5
CAAACTAGGGTCCGATGT	13	24	3486.0	6704.5
TTGCCGATGCGCGTAACC	12	24	3195.5	6704.5
TGTTAATTGACTGCTCTT	11	24	2905.0	6704.5
GTACTTAAGCCTCAGTTA	10	24	2614.5	6704.5
CCTTTGACACTGTCTCTA	9	24	2324.0	6704.5
GAGTAGCTTGGATGATGT	8	24	2033.5	6704.5
GAATAATCAAACCGATCG	7	24	1743.0	6704.5
GTTCAACACCTCACCAGC	6	24	1452.5	6704.5
GTTGTCGCGGAGTACTGG	5	24	1162.0	6704.5
GTCCGTAGTGACTCGCGT	4	24	871.5	6704.5
GTGCCACTCAAAGAAGGG	3	24	581.0	6704.5
AGCAGGACAGACCGCGTT	2	24	290.5	6704.5
ATAGGTACCGGTGGGCGC	32	25	9005.5	6996.0
GATCGCTGAAAGGATAGA	31	25	8715.0	6996.0
GAACTTCCGCGTGAAGCC	30	25	8424.5	6996.0
TCACGAGAGGTAACCTTC	29	25	8134.0	6996.0
ACCTGCTATCACACCGTG	28	25	7843.5	6996.0
CTCACGCCTAGACCACTG	27	25	7553.0	6996.0
GTGAGTCTAGGCCCACGT	26	25	7262.5	6996.0
GTAATAGCTGTAACCCTT	25	25	6972.0	6996.0
GCCATACTAGCTCGCAGG	24	25	6681.5	6996.0
TCGGTCGTGCGACATTGC	23	25	6391.0	6996.0
GATTATAACCTGGTTTGC	22	25	6100.5	6996.0
TACTTATGCATTACAATT	21	25	5810.0	6996.0
TTAACTGGCCAGCAACAG	20	25	5519.5	6996.0
TGAGGTTAGTAACGAGCG	19	25	5229.0	6996.0
GGTAGGCCTATAACGAAG	18	25	4938.5	6996.0
TCCATTGTCGACCGTACC	17	25	4648.0	6996.0
GAATGAGGCGTGCCAAGG	16	25	4357.5	6996.0
GCAACCTAGACAAACCAC	15	25	4067.0	6996.0
CCATAGAAGTTGTAGTGA	14	25	3776.5	6996.0
TAAAGGAACATTCCGGTG	13	25	3486.0	6996.0
TTGATACGCCGGCTATGG	12	25	3195.5	6996.0
TTTAGCTCCGCTCAACGC	11	25	2905.0	6996.0
GAGCCTGTTGCGCGCTAG	10	25	2614.5	6996.0
CCTTAGGGCCTCTCCACA	9	25	2324.0	6996.0
CATGTCCGAATTTCATAC	8	25	2033.5	6996.0
CTTAATGCTCTGTCGCAC	7	25	1743.0	6996.0
GAACATAATTGCACCGTC	6	25	1452.5	6996.0
CACCAGGCTCGAAACGCG	5	25	1162.0	6996.0
GGCCGGGTTAGTTACTCA	4	25	871.5	6996.0
CGATACAAATGCTGAAGC	3	25	581.0	6996.0
CCTGCTTTGCTGTTAGGA	2	25	290.5	6996.0
GAGTTAACATAGCGTCGG	32	26	9005.5	7287.5
TAGTCGCCCTTGGTCCAG	31	26	8715.0	7287.5
CTCCCAACGGCGAATTAT	30	26	8424.5	7287.5
GTTCTCAAGCGGGATACA	29	26	8134.0	7287.5
TATTCGCCTCACAAGGTA	28	26	7843.5	7287.5
TTGGCTCCGTGTCTAGCG	27	26	7553.0	7287.5
CTACATGTCGACGTTGGT	26	26	7262.5	7287.5
GCTCGAGGCAACGTACCG	25	26	6972.0	7287.5
TTTGGTGCATGGAGCCAC	24	26	6681.5	7287.5
TTCCGAGCTGTACAAGTC	23	26	6391.0	7287.5
CGGTGCAAGATGTCTAAT	22	26	6100.5	7287.5
CTCACCTGAGGTCTATAA	21	26	5810.0	7287.5
CGTTAAGCCCGGCCTATT	20	26	5519.5	7287.5
CAGAATATAGTGCTCACT	19	26	5229.0	7287.5
AGCTGCGGAATGACTACT	18	26	4938.5	7287.5
CATCTGCTGTAGTCCGAT	17	26	4648.0	7287.5
TGCCCTAATGCGCGACGA	16	26	4357.5	7287.5
CGTCGGCCGAAGGAACCT	15	26	4067.0	7287.5
GATCTGCACAACTCTGCC	14	26	3776.5	7287.5
TTAAGGACTGTAATTGGG	13	26	3486.0	7287.5
GAAGCTATATGCGCTGAC	12	26	3195.5	7287.5
GGACCGCTTTGGGTGTTC	11	26	2905.0	7287.5
CGGAGGTATGCTATATTT	10	26	2614.5	7287.5
CCGTCATTGTGTTAGGAC	9	26	2324.0	7287.5
TATCTGCTGTGTTTACGT	8	26	2033.5	7287.5
GGCTCAAATTAAATGCGA	7	26	1743.0	7287.5
GACCTATGCATGTTGAAT	6	26	1452.5	7287.5
AGTCACACTGTGCCCATA	5	26	1162.0	7287.5
CAGCTAAGCACTATGTAC	4	26	871.5	7287.5
TGTCGCAGAACGTCCGTA	3	26	581.0	7287.5
CGGGTTCTGTAATGCGGG	2	26	290.5	7287.5
ACAGATGGATGGGAAACT	32	27	9005.5	7579.0
TGCACCTCTAAACTTATG	31	27	8715.0	7579.0
CCGTTTACTCGCCGGATC	30	27	8424.5	7579.0
TATGGCCACTCCGAACGC	29	27	8134.0	7579.0
TTGCGCGTACAGGAAGCC	28	27	7843.5	7579.0
CCCGTCTCTAGAGCAAGG	27	27	7553.0	7579.0
ATTATAGGAGCGCCCAAG	26	27	7262.5	7579.0
CGTTCTATAACCACTCGT	25	27	6972.0	7579.0
CGTTTCGGGCTCGAATCT	24	27	6681.5	7579.0
ACCTTAGCTGGGCTACAA	23	27	6391.0	7579.0
CTCAGGGCCTTAGTGACG	22	27	6100.5	7579.0
CGAATGGTCCAGTTAGTA	21	27	5810.0	7579.0
TCTTACGTATACCTGGTT	20	27	5519.5	7579.0
TACTTGTTAAGGCGACGC	19	27	5229.0	7579.0
CTCGTTACGTCAAGCAAC	18	27	4938.5	7579.0
GCACGTCTAGTAACCACG	17	27	4648.0	7579.0
ATTGTCTAGAGGTAGGCA	16	27	4357.5	7579.0
GTACTGGTAAACCATCTC	15	27	4067.0	7579.0
TCATGGCCCTCAACGACC	14	27	3776.5	7579.0
ACTGCGATATAATAGGAC	13	27	3486.0	7579.0
CATGCGTAACGGCTAATC	12	27	3195.5	7579.0
TCGTGGTGATCCGGCCCA	11	27	2905.0	7579.0
CGACTTATGTACGCCGGG	10	27	2614.5	7579.0
TTCCATGATCGTACGCGT	9	27	2324.0	7579.0
CACTAGAATAACGGCCGC	8	27	2033.5	7579.0
TCCGCTAGGGCTGTATGC	7	27	1743.0	7579.0
TGAATTTCTCCCAACATG	6	27	1452.5	7579.0
CCACCAGTTCACGTAGGC	5	27	1162.0	7579.0
TTCTCAGATGTAATGAAA	4	27	871.5	7579.0
AGAACTTTGTCTCACGAT	3	27	581.0	7579.0
GCCATTCCATGCAGATCG	2	27	290.5	7579.0
TCAAGGCGCGCCGTGGAT	32	28	9005.5	7870.5
CTGGTGCCATAATAAAGC	31	28	8715.0	7870.5
TTGACTCACGGCTCGGTT	30	28	8424.5	7870.5
CGAGGTGAAACTGATTTG	29	28	8134.0	7870.5
TTACTCCGCAACGGTAGG	28	28	7843.5	7870.5
AGCGAATAGCGGTGCGAT	27	28	7553.0	7870.5
TACAATTGAATACAAACC	26	28	7262.5	7870.5
ACAGGTAACGCTTACCAG	25	28	6972.0	7870.5
TCTTAGGTCGGCGACCGA	24	28	6681.5	7870.5
CTATGCTCACGTTACGCC	23	28	6391.0	7870.5
TGAATTACCGCAAGTTGT	22	28	6100.5	7870.5
GCGCATGGTATAGTAACA	21	28	5810.0	7870.5
GGCTAGACCTCGCGGTTG	20	28	5519.5	7870.5
CGACATAACGCGTAGGAC	19	28	5229.0	7870.5
CCTCCTGGCGTCCGATAT	18	28	4938.5	7870.5
CGTCCGTCATTCTTCTAG	17	28	4648.0	7870.5
GCGCCCTTTGATAGGTGG	16	28	4357.5	7870.5
TGCGCCACAGTGTATGAA	15	28	4067.0	7870.5
CCAACTTAGTAAGCTATA	14	28	3776.5	7870.5
ATAAGACTCTGCGTGACA	13	28	3486.0	7870.5
ACTTCAAGCTGTGACCGT	12	28	3195.5	7870.5
ATATCTCACGGTACCGTC	11	28	2905.0	7870.5
CATCGCAAGTTCGGGTGC	10	28	2614.5	7870.5
ACCAAATCCTGTATTTGA	9	28	2324.0	7870.5
TATTGTAGGTGAGCGCGG	8	28	2033.5	7870.5
TACATCTCCCGGTGCCTG	7	28	1743.0	7870.5
GTAGGCATGCAATGTCCA	6	28	1452.5	7870.5
TCTTGCCGAAACGTACGG	5	28	1162.0	7870.5
TTACCTACCGCTCAGTGA	4	28	871.5	7870.5
CTCGCGGAGTCAAACATG	3	28	581.0	7870.5
ACAACTTGTACGGACCCT	2	28	290.5	7870.5
GGCTTAGGCGCATGGTAA	32	29	9005.5	8162.0
CCTCTAAGTAAATATTGG	31	29	8715.0	8162.0
TACTTCGGATTGCGTAGC	30	29	8424.5	8162.0
TAGTCATGCTGCTCTGCA	29	29	8134.0	8162.0
TGGGCCGCGCGTCAAAGT	28	29	7843.5	8162.0
GCGACCGGATTTGTGTAG	27	29	7553.0	8162.0
GCGGCCAATACAGTCTCC	26	29	7262.5	8162.0
AGCCGGTAGTCTGTGAGA	25	29	6972.0	8162.0
GACTTACTGGAGACACCG	24	29	6681.5	8162.0
TGTATAGTCTGCGGAGCC	23	29	6391.0	8162.0
GATGAACCTAGTCCCGTG	22	29	6100.5	8162.0
CGAAGCCCAGGAAATACT	21	29	5810.0	8162.0
ATGCAAGCTCTTGTTGAG	20	29	5519.5	8162.0
GTTTGGTCCAGCTACTCC	19	29	5229.0	8162.0
GCCTCTCGCCTAGTAAGG	18	29	4938.5	8162.0
GGATTACGTAGGTATTTG	17	29	4648.0	8162.0
TTTAACATTGTCGTCGGA	16	29	4357.5	8162.0
ACGCATATAAGCTGATCA	15	29	4067.0	8162.0
AGCCCTCGGACGCACCAA	14	29	3776.5	8162.0
TCAGATGGAACTGCTGTC	13	29	3486.0	8162.0
GTAGTCACAGCGAAAGAA	12	29	3195.5	8162.0
CTATTCGAATCGCACTTT	11	29	2905.0	8162.0
CGATGCAGCCCAGCAAAG	10	29	2614.5	8162.0
ACAAGAAGCCTGTCCGCG	9	29	2324.0	8162.0
CGAAGATCGGTGCAGGCA	8	29	2033.5	8162.0
AGATGTTCTTCGGTTGAT	7	29	1743.0	8162.0
TATAAGGTGGTCCGCCAG	6	29	1452.5	8162.0
GCGGACACTCTCTGACCC	5	29	1162.0	8162.0
TAAGTAAAGGATTACTGA	4	29	871.5	8162.0
AGACCAGCTCCTATTTAA	3	29	581.0	8162.0
TGTCCGGCCCTCTGTTTA	2	29	290.5	8162.0
ACGTCTAAATTAACGCCC	32	30	9005.5	8453.5
ACCCGCGACGATCTAGGA	31	30	8715.0	8453.5
AGCTCCTGTGCGGATGTC	30	30	8424.5	8453.5
CGAGGCCCAAAGGAATAC	29	30	8134.0	8453.5
TCTCCCGTGCAACGCAGC	28	30	7843.5	8453.5
GGACCCTGCATTGTAGAA	27	30	7553.0	8453.5
TTCAAAGCCTAGCGCTGA	26	30	7262.5	8453.5
GTATACAGCCCTCGTACG	25	30	6972.0	8453.5
TGTGTCAGCCCTACTGGA	24	30	6681.5	8453.5
TTTCACCACGTCAGAATG	23	30	6391.0	8453.5
CAGAACGTCCGCCTTACC	22	30	6100.5	8453.5
CAGCTGAGCTTATTATAG	21	30	5810.0	8453.5
CCGAAGTAGTGACGCAAG	20	30	5519.5	8453.5
CTACCAGAAACCTGACTC	19	30	5229.0	8453.5
GCAAATTTCGTATGTACA	18	30	4938.5	8453.5
TTAACCAGCACGTCACCC	17	30	4648.0	8453.5
GATCCATCACTTATGTTC	16	30	4357.5	8453.5
ATTGCTAGGTGTCCCAGG	15	30	4067.0	8453.5
GGCGCGGGAGTGTACATA	14	30	3776.5	8453.5
CTTCGAATGATGCGACAA	13	30	3486.0	8453.5
CTCTTGCCGGCGGAATCA	12	30	3195.5	8453.5
TCGGACCGTCCAAACCTT	11	30	2905.0	8453.5
CTCGAAACGTACGCGAGC	10	30	2614.5	8453.5
GCCGCGTTGAGTCTATTA	9	30	2324.0	8453.5
GCTAACAATGGAGTCTCT	8	30	2033.5	8453.5
TGCGGTGTTAACAGGATA	7	30	1743.0	8453.5
GGCAATTGTAGTACCAGC	6	30	1452.5	8453.5
TAACAATCCTCTTAAGTA	5	30	1162.0	8453.5
CTATTGAATCTTGGGTGT	4	30	871.5	8453.5
AGTTCCTAACGCTTTCCT	3	30	581.0	8453.5
GTCTAAATATGACGTCCG	2	30	290.5	8453.5
TGTAGCTGTATGACTCCG	32	31	9005.5	8745.0
TGTTTCGCGCCTAAACGT	31	31	8715.0	8745.0
TTATCGCTCGGTAATCAC	30	31	8424.5	8745.0
GGCATGCATAGGAGGACG	29	31	8134.0	8745.0
CATGTTGCGGCGTGCACT	28	31	7843.5	8745.0
TACACGGTGAGCTGAATC	27	31	7553.0	8745.0
TTGCATTGATGACGGTAC	26	31	7262.5	8745.0
ATGGCGCGGTCTGCAACA	25	31	6972.0	8745.0
CTCTTGCGCGGAATTGGT	24	31	6681.5	8745.0
CACGATTAGGGTTCGTCG	23	31	6391.0	8745.0
CATTCGGGCAATTAATGC	22	31	6100.5	8745.0
GATCTCGCGTTATGTCTC	21	31	5810.0	8745.0
CCCTAGTTGGTGACGCCT	20	31	5519.5	8745.0
TAGGAGCCTCTCATACCC	19	31	5229.0	8745.0
GACACATCGCGTTGCTTT	18	31	4938.5	8745.0
TCGCGTGGAATGTAGGCC	17	31	4648.0	8745.0
TCTTATATGCCGCACCAA	16	31	4357.5	8745.0
TTTGTATTGACTCAGCGA	15	31	4067.0	8745.0
CTTCTCGACCGACAGACA	14	31	3776.5	8745.0
ACACTAAATGAGCCCTAC	13	31	3486.0	8745.0
ATACAACTACCTGCATGT	12	31	3195.5	8745.0
ATCTCGTTGGTCTATTAC	11	31	2905.0	8745.0
ACCGTACCCTGCTTAATA	10	31	2614.5	8745.0
ATAGGTTTCACCATTTGA	9	31	2324.0	8745.0
TTCTGGTGGGTGCCATAT	8	31	2033.5	8745.0
TGGAGAACTCTCGGTAGC	7	31	1743.0	8745.0
TATCGCCTCCACTAAGCG	6	31	1452.5	8745.0
GCCCAACAGCTATTACTG	5	31	1162.0	8745.0
ATCTCAGATTTAGTTACC	4	31	871.5	8745.0
GCTTTGGATTCCTGTAAT	3	31	581.0	8745.0
ATCAAAGGAAGCCTCAGC	2	31	290.5	8745.0
TCGACGACAGTTGCGCGG	32	32	9005.5	9036.5
CATACCTAAAGCCAAGTA	31	32	8715.0	9036.5
TACAGGGCCCACATTCCT	30	32	8424.5	9036.5
ATACTTTAACTCAGCATG	29	32	8134.0	9036.5
CAGAGGTGTAACGGATCT	28	32	7843.5	9036.5
TCCCGTGAGCCCTCACAA	27	32	7553.0	9036.5
ATACGGGCTTGAGGCGTG	26	32	7262.5	9036.5
GTTAGTATGAATAAACTG	25	32	6972.0	9036.5
TTCAATTTAGGCGGCCAC	24	32	6681.5	9036.5
CAAACTGACCGGCGTACG	23	32	6391.0	9036.5
TTCAACCACTGTGACAGT	22	32	6100.5	9036.5
CCGTTTGTTATGACTAAG	21	32	5810.0	9036.5
GCACCTCATAAGAATAAC	20	32	5519.5	9036.5
GTTTATGGGAACGCCGCG	19	32	5229.0	9036.5
CTAACCCGTTCGTCGCAG	18	32	4938.5	9036.5
CAGCCGGGTTGTGAGCAG	17	32	4648.0	9036.5
ATGATGTGTAACGATCCG	16	32	4357.5	9036.5
TCCTGAATATGGTATGGG	15	32	4067.0	9036.5
TCACGACAGACATATAGT	14	32	3776.5	9036.5
CTTGTAAAGTAGGCGGCG	13	32	3486.0	9036.5
CGCCACTAGAGCTCGGTA	12	32	3195.5	9036.5
GTCATCTACTGTGCCACG	11	32	2905.0	9036.5
CGGCTAGAATCACGCTTC	10	32	2614.5	9036.5
ATCAGATTGTATGGGTGT	9	32	2324.0	9036.5
ACCGTTTGACAAGTGCTG	8	32	2033.5	9036.5
GTTTGTTTACAGAAACGC	7	32	1743.0	9036.5
TACCAGTTCTAGATGTTA	6	32	1452.5	9036.5
TGCCATGCCTCGGAACAA	5	32	1162.0	9036.5
ATGTAACTGCTACACCGC	4	32	871.5	9036.5
CTAACTACCGATCCGCGT	3	32	581.0	9036.5
GAGCCATCTTTAAGTTGT	2	32	290.5	9036.5
TCGTAAATTTACCGGGAG	32	33	9005.5	9328.0
CCAACCTAGCGGGCATAC	31	33	8715.0	9328.0
CAGATGGTACGGTACCGG	30	33	8424.5	9328.0
TCCATGCGATGTTGCGTT	29	33	8134.0	9328.0
CTAGCGCGCACGTCGGAT	28	33	7843.5	9328.0
GAAGCGCTTTCTGTATCA	27	33	7553.0	9328.0
ATAGATCCACGTGAAGCG	26	33	7262.5	9328.0
GCATGCCTCGATTTCCTG	25	33	6972.0	9328.0
GCTTGCGTTATATCGGCC	24	33	6681.5	9328.0
TCGCTACTAGTGCGTCCT	23	33	6391.0	9328.0
GCACGGAATACTCTGTGT	22	33	6100.5	9328.0
TCATACGGGCGTAATGCC	21	33	5810.0	9328.0
CAACTCTCGAGGCGGCTG	20	33	5519.5	9328.0
TGTAATACGGTTCATGTA	19	33	5229.0	9328.0
GTGAATAAATGTGCCACC	18	33	4938.5	9328.0
ATTGCCTTAGGTTGCACC	17	33	4648.0	9328.0
TAATGTACCTCGGGACGC	16	33	4357.5	9328.0
ACATTGCGACCCTTTATC	15	33	4067.0	9328.0
TTGTCGCGACGTGATTCC	14	33	3776.5	9328.0
TGTTAAGGAACCTGCCTC	13	33	3486.0	9328.0
TTGTTGTAGCAGCCATCG	12	33	3195.5	9328.0
GTTGGTCCATGGGTTACT	11	33	2905.0	9328.0
GGACCTTCCCGCGGTTTC	10	33	2614.5	9328.0
ATATTGTCCATTTCCGGC	9	33	2324.0	9328.0
CTTAATTTCTTAAGCCAG	8	33	2033.5	9328.0
ACAGACGGACGGTGGGCT	7	33	1743.0	9328.0
GTGTTCTTGGGCTCCAGA	6	33	1452.5	9328.0
TAAGACGTTATTTAGCCT	5	33	1162.0	9328.0
GATGATGCAATAAAGCGT	4	33	871.5	9328.0
TTTCACCTAAATGTGGAG	3	33	581.0	9328.0
GGCACTGTAACATCATTA	2	33	290.5	9328.0
CCAACTTGTCCCTTCGAT	32	34	9005.5	9619.5
TTAGTTCTCACGCCGTCA	31	34	8715.0	9619.5
GCCTTCGATGTACGATTT	30	34	8424.5	9619.5
ATTTCTGGACCGGACACC	29	34	8134.0	9619.5
GTATGACGAAGCCTGCGA	28	34	7843.5	9619.5
TCTAATGGACTTCTGAGG	27	34	7553.0	9619.5
GGTGTTCTCGTACAAGAC	26	34	7262.5	9619.5
ACGCGGGACCAGGATTCT	25	34	6972.0	9619.5
GTATTCACCTGCCAGGAG	24	34	6681.5	9619.5
TCCGCCGAAGAGACTCAT	23	34	6391.0	9619.5
GCTACCATACCGAAGCGT	22	34	6100.5	9619.5
ACCGGCGTTCAATAGAGG	21	34	5810.0	9619.5
TCATTGGTTGTCTAGCTC	20	34	5519.5	9619.5
ACGCGCTTAACGGCCTGT	19	34	5229.0	9619.5
CACCTGGCGCATTGGATT	18	34	4938.5	9619.5
CCGAATTCTCTAGATGCG	17	34	4648.0	9619.5
GGGTTCAGGACAAATACA	16	34	4357.5	9619.5
CTCGTACGTACGCAAAGC	15	34	4067.0	9619.5
GGATCGATTGGTCTAACA	14	34	3776.5	9619.5
TATCACTGCGGTTGCGTG	13	34	3486.0	9619.5
CCTCAGCCGAAATCAGAC	12	34	3195.5	9619.5
AGAGCAACCTGCGCTGGC	11	34	2905.0	9619.5
TACACTTGAGCTTTGACG	10	34	2614.5	9619.5
TGCAACCTAGAAGAGGGA	9	34	2324.0	9619.5
GTTGATTACACTATGCGT	8	34	2033.5	9619.5
GTTAGTTGAATACGGACT	7	34	1743.0	9619.5
GAGATAATTGGTGACACC	6	34	1452.5	9619.5
ATATTCGACTGGGCTGTG	5	34	1162.0	9619.5
GTCCACGGAGGGATCGAC	4	34	871.5	9619.5
CTTAGCGACACGCACGGG	3	34	581.0	9619.5
CGACCAACTAGAGCTTGA	2	34	290.5	9619.5
